timestamp,1_20_389,1_20_980,1_10_1237,1_20_812,1_10_658,13_2_954,1_10_735,13_2_736,1_2_954,1_10_961,13_20_759,13_2_93,1_20_298,1_2_1133,1_10_855,13_20_401,13_20_777,1_20_1022,1_10_691,13_2_1314,1_2_943,1_10_721,1_20_1119,13_20_1110,1_20_1073,1_20_99,1_2_281,1_20_139,1_20_18,1_10_933,13_20_1265,1_10_1262,13_10_999,1_20_1089,1_2_24,1_10_562,1_2_35,1_10_881,1_20_197,1_20_493,1_10_1078,13_2_547,13_20_764,13_2_1157,1_10_462,13_10_165,1_10_64,1_2_776,13_10_974,1_10_19,1_20_169,13_2_1320,13_10_195,1_20_470,1_10_1160,13_2_95,1_10_574,1_10_67,1_2_32,1_10_295
20,,,,,,,,,,,,,,,,,,,,,,,,,,,,,57.814440433212994,,,,,,,,,,,,,,,,,,,,,,,,,,,,,,,
25,,,,,,,,,,,,,,,,,,,,,,,,,,,,,57.814440433212994,,,,,,57.814440433212994,,,,,,,,,,,,,,,57.814440433212994,,,,,,,,,,
30,,,,,,,,,,,,,,,,,,,,,,,,,,,,,57.88592057761733,,,,,,57.88592057761733,,,,,,,,,,,,,,,57.88592057761733,,,,,,,,,,
35,,,,,,,,,,,,,,,,,,,,,,,,,,,,,57.88592057761733,,,,,,57.88592057761733,,,,,,,,,,,,,,,57.88592057761733,,,,,,,,,57.88592057761733,
40,,,,,,,,,,,,,,,,,,,,,,,,,,,,,57.88592057761733,,,,,,57.88592057761733,,57.88592057761733,,,,,,,,,,,,,57.88592057761733,,,,,,,,,57.88592057761733,
45,,,,,,,,,,,,,,,,,,,,,,,,,,,,,57.95812274368231,,,,,,57.95812274368231,,57.95812274368231,,,,,,,,,,,,,57.95812274368231,,,,,,,,,57.95812274368231,
50,,,,,,,,,,,,,,,,,,,,,,,,,,,,,57.95812274368231,,,,,,,,57.95812274368231,,,,,,,,,,,,,57.95812274368231,,,,,,,,,57.95812274368231,
55,,,,,,,,,,,,,,,,,,,,,,,,,,,,,57.95812274368231,,,,,,,,57.95812274368231,,,,,,,,,,,,,57.95812274368231,,,,,,,,,57.95812274368231,
60,,,,,,,,,,,,,,,,,,,,,,,,,,,,,57.95812274368231,,,,,,,,57.95812274368231,,,,,,,,,,,,,,,,,,,,,,,
65,,,,,,,,,,,,,,,,,,,,,,,,,,,,,57.95812274368231,,,,,,,,,,,,,,,,,,57.95812274368231,,,,,,,,,,,,,
70,,,,,,,,,,,,,,,,,,,,,,,,,,,,,57.95812274368231,,,,,,,,,,,,,,,,,,57.95812274368231,,,,,,,,,,,57.95812274368231,,
75,,,,,,,,,,,,,,,,,,,,,,,,,,,,,58.98945195664721,,,,,,,,,,,,,,,,,,58.98945195664721,,,,,,,,,,,58.98945195664721,,
80,,,,,,,,,,,,,,,,,,,,,,,,,,,,,,,,,,,,,,,,,,,,,,,57.88592057761733,,,,,,,,,,,57.88592057761733,,
85,,,,,,,,,,,,,,,,,,,,,,,,,,,,,,,,,,,,,,,,,,,,,,,57.88592057761733,,,,,,,,,,,57.88592057761733,,
90,,,,,,,,,,,,,,,,,,,,,,,,,,,,,,,,,,,,,,,,,,,,,,,57.95812274368231,,,,,,,,,,,57.95812274368231,,
95,,,,,,,,,,,,57.88592057761733,,,,,,,,,,,,,,,,,,,,,,,,,,,,,,,,,,,,,,,,,,,,,,57.88592057761733,,
100,,,,,,,,,,,,61.613193793368,,,,,,,,,,,,,,61.613193793368,,,,,,,,,,,,,,,,,,,,,,,,,,,,,,61.613193793368,,61.613193793368,,
105,,,,,,,,,,,,75.02454873646208,,,,,,,,,,,,,,75.02454873646208,,,,,,,,,,,,,,,,,,,,,,,,,,,,,,75.02454873646208,,,,
110,,,,,,,,,,,,66.21741354212006,,,,,,,,,,,,,,66.21741354212006,,,,,,,,,,,,,,,,,,,,,,,,,,,,,,66.21741354212006,,,,
115,,,,,,,,,,,,75.02454873646208,,,,,,,,,,,,,,75.02454873646208,,,,,,,,,,,,,,,,,,,,,,,,,,,,,,75.02454873646208,,,,
120,,,,,,,,,,,,62.81877256317689,,,,,,,,,,,,,,62.81877256317689,,,,,,,,,,,,,,,,,,,,,,,,,,,,,,62.81877256317689,,,,
125,,,,,,,,,,,,58.02960288808664,,,,,,,,,,,,,,58.02960288808664,,,,,,,,,,,,,,,,,,,,,,,,,,,,,,58.02960288808664,,,,
130,,,,,,,,,,,,63.03321299638989,,,,,,,,,,,,,,63.03321299638989,,,,,,,,,,,,,,,,,,,,,,,,,,,,,,63.03321299638989,,,,
135,,,,,,,,,,,,62.81877256317689,,,,,,,,,,,,,,62.81877256317689,,,,,,,,,,,,,,,,,,,,,,,,,,,,,,62.81877256317689,,,,
140,,,,,,,,,,,,62.81877256317689,,,,,,,,,,,,,,62.81877256317689,,62.81877256317689,,,,,,,,,,,,,,,,,,,,,,,,,,,,62.81877256317689,,,,
145,,,,,,,,,,,,57.95812274368231,,,,,,,,,,,,,,57.95812274368231,,57.95812274368231,,,,,,,,,,,,,,,,,,,,,,,,,,,,57.95812274368231,,,,
150,,,,,,,,,,,,58.24476534296029,,,,,,,,,,,,,,58.24476534296029,,58.24476534296029,,,,,,,,,,,,,,,,,,,,,,,,,,,,58.24476534296029,,,,
155,,,,,,,,,,,,58.02960288808664,,,,,,,,,,,,,,58.02960288808664,,58.02960288808664,,,,,,,,,,,,,,,,,,,,,,,,,,,,58.02960288808664,,,,
160,,,,,,,,,,,,,,,,,,,,,,,,,,62.81588447653429,,62.81588447653429,,,,,,,,,,,,,,,,,,,,,,,,,,,,62.81588447653429,,,,
165,,,,,,,,,,,,,,,,,,,,,,,,,,62.74729241877256,,62.74729241877256,,,,,,,,,,,,,,,,,,,,,,,,,,,,62.74729241877256,,,,
170,,,,,,,,,,,,,,,,,,,,,,,,,,61.32842091221739,,61.32842091221739,,,,,,,,,,,,,,,,,,61.32842091221739,,,,,61.32842091221739,,,,,,,,,
175,,,,,,,,,,,,,,,,,,,,,,,,,,60.64455386198397,,60.64455386198397,,,,,,,,,,,,,,,,,,33.86281588447653,,,,,33.86281588447653,,,,,,,,,
180,,,,,,,,,,,,,,,,,,,,,,,,,,34.00794223826715,,34.00794223826715,,,,,,,,,,,,,,,,,,34.00794223826715,,,,,34.00794223826715,,,,,,,,,
185,,,,,,,,,,,,,,,,,,,,,,,,,,34.00794223826715,,34.00794223826715,,,,,,,,,,,,,,,,,,34.00794223826715,,,,,34.00794223826715,,,,,,,,,
190,,,,,,,,,,,,,,,,,,,,,,,,,,34.00794223826715,,34.00794223826715,,,,,,,,,,,,,,,,,,34.00794223826715,,,,,34.00794223826715,,,,,,,,,
195,,,,,,,,,,,,,,,,,,,,,,,,,,34.00794223826715,,34.00794223826715,,,,,,,,,,,,,,,,,,34.00794223826715,,,,,34.00794223826715,,,,,,,,,
200,,,,,,,,,,,,,,,,,,,,,,,,,,,,34.00794223826715,,,,,,,,,,,34.00794223826715,,,,,,,34.00794223826715,,,,,34.00794223826715,,34.00794223826715,,,,,,,
205,,,,,,,,,,,,,,,,,,,,,,,,,,,,41.78357924424894,,,,,,,,,,,41.78357924424894,,,,,,,41.78357924424894,,,,,41.78357924424894,,41.78357924424894,,,,,,,
210,,,,,,,,,,,,,,,,,,,,,,,,,,,,,,,,,,,,,,,34.00794223826715,,,,,,,,,,,,34.00794223826715,,34.00794223826715,,,,,,,
215,,,,,,,,,,,,,,,,,,,,,,,,,,,,,,,,,,,,,,,34.00794223826715,,,,,,,,,,,,34.00794223826715,,34.00794223826715,,,,,,,
220,,,,,,,,,,,,,,,,,,,,,,,,,,,,,,,,,,,,,,,34.00794223826715,,,,,,,,,,,,34.00794223826715,,34.00794223826715,,,,,,,
225,,,,,,,,,,,,,,,,,,,,,,,,,,,,,,,,,,,,,,,44.71112039375884,,,,,,,,,,,,44.71112039375884,,44.71112039375884,,,,,,,
230,,,,,,,,,,,,,,,,,,,,,,,,,,,,,,,,,,,,,,,54.080144404332124,,,,,,,,,,,,54.080144404332124,,54.080144404332124,,,,,,,
235,,,,,,,,,,,,,,,,,,,,,,,,,,,,,,,,,,,,,,,43.001376687845045,,,,,,,,,,,,43.001376687845045,,43.001376687845045,,,,,,,
240,,,,,,,,,,,,,,,,,,,,,,,,,,,,,,,,,,,,,,,53.93501805054151,,,,,,,,,,,,53.93501805054151,,53.93501805054151,,,,,,,
245,,,,,,,,,,,,,,,,,,,,,,,,,,,,,,,,,,,,,,,49.377138197556405,,,,,,,,,,,,49.377138197556405,,49.377138197556405,,,,,,,
250,,,,,,,,,,,,,,,,,,,,,,,,,,,,,,,,,,,,,,,33.86281588447653,,,,,,,,,,,,33.86281588447653,,,,,,,,,
255,,,,,,,,,,,,,,,,,,,,,,,,,,,,,,,,,,,,,,,33.86281588447653,,,,,,,,,,,,,,,,,,,,,
260,,,,,,,,,,,,,,,,,,,,,,,,,,,,,,,,,,,,,,,33.86281588447653,,,,,,,,,,,,,,,,,,,,,
265,,,,,,,,,,,,,,,,,,,,,,,,,,,,,,,,,,,,,,,33.86281588447653,,,,,,,,,,,,,,,,,,,,,
270,,,,,,,,,,,,,,,,,,,,,,,,,,,,,,,,,,,,,,,33.86281588447653,,,,,,,,,,,,,,,,,,,,,
275,,,,,,,,,,,,,,,,,,,,,,,,,,,,,,,,,,,,,,,33.86281588447653,,,,,,,,,,,,,,,,,,,,,
285,,,,,,,,,,,,,,,,,,,,,,,,,,,33.86281588447653,,,,,,,,,,,,,,,,,,,,,,,,,,,,,,,,,
290,,,,,,,,,,,,,,,,,,,,,,,,,,,33.86281588447653,,,,,,,,,,,,,,,,,,,,,,,,,,,,,,,,,
295,,,,,,,,,,,,,,,,,,,,,,,,,,,33.86281588447653,,,,,,,,,,,,,,,,,,,,,,,,,,,,,,,,,
300,,,,,,,,,,,,,34.00794223826715,,,,,,,,,,,,,,34.00794223826715,,,,,,,,,,,,,,,,,,,,,,,,,,,,,,,,,
305,,,,,,,,,,,,,34.00794223826715,,,,,,,,,,,,,,34.00794223826715,,,,,,,,,,,,,,,,,,,,,,,,,,,,,,,,,34.00794223826715
310,,,,,,,,,,,,,34.00794223826715,,,,,,,,,,,,,,,,,,,,,,,,,,,,,,,,,,,,,,,,,,,,,,,34.00794223826715
315,,,,,,,,,,,,,34.00794223826715,,,,,,,,,,,,,,,,,,,,,,,,,,,,,,,,,,,,,,,,,,,,,,,34.00794223826715
320,,,,,,,,,,,,,34.00794223826715,,,,,,,,,,,,,,,,,,,,,,,,,,,,,,,,,,,,,,,,,,,,,,,34.00794223826715
325,,,,,,,,,,,,,34.081588447653424,,,,,,,,,,,,,,,,,,,,,,,,,,,,,,,,,,,,,,,,,,,,,,,34.081588447653424
330,,,,,,,,,,,,,40.66182097628746,,,,,,,,,,,,,,,,,,,,,,,,,,,,,,,,,,,,,,,,,,,,,,,40.66182097628746
335,,,,,,,,,,,,,33.86281588447653,,,,,,,,,,,,,,,,,,,,,,,,,,,,,,,,,,,,,,,,,,,,,,,33.86281588447653
340,,,,,,,,,,,,,33.86281588447653,,,,,,,,,,,,,,,,,,,,,,,,,,,,,,,,,,,,,,,,,,,,,,,33.86281588447653
345,,,,,,,,,,,,,33.86281588447653,,,,,,,,,,,,,,,,,,,,,,,,,,,,,,,,,,,,,,,,,,,,,,,33.86281588447653
350,,,,,,,,,,,,,33.86281588447653,,,,,,,,,,,,,,,,,,,,,,,,,,,,,,,,,,,,,,,,,,,,,,,33.86281588447653
355,,,,,,,,,,,,,33.86281588447653,,,,,,,,,,,,,,,,,,,,,,,,,,,,,,,,,,,,,,,,,,,,,,,33.86281588447653
360,,,,,,,,,,,,,33.86281588447653,,,,,,,,,,,,,,,,,,,,,,,,,,,,,,,,,,,,,,,,,,,,,,,33.86281588447653
365,,,,,,,,,,,,,33.86281588447653,,,,,,,,,,,,,,,,,,,,,,,,,,,,,,,,,,,,,,,,,,,,,,,33.86281588447653
370,,,,,,,,,,,,,33.86281588447653,,,,,,,,,,,,,,,,,,,,,,,,,,,,,,,,,,,,,,,,,,,,,,,
375,,,,,,,,,,,,,33.86281588447653,,,,,,,,,,,,,,,,,,,,,,,,,,,,,,,,,,,,,,,,,,,,,,,
380,,,,,,,,,,,,,33.86281588447653,,,,,,,,,,,,,,,,,,,,,,,,,,,,,,,,,,,,,,,,,,,,,,,
385,,,,,,,,,,,,,33.86281588447653,,,,,,,,,,,,,,,,,,,,,,,,,,,,,,,,,,,,,,,,,,,,,,,
390,33.86281588447653,,,,,,,,,,,,33.86281588447653,,,,,,,,,,,,,,,,,,,,,,,,,,,,,,,,,,,,,,,,,,,,,,,
395,33.86281588447653,,,,,,,,,,,,,,,,,,,,,,,,,,,,,,,,,,,,,,,,,,,,,,,,,,,,,,,,,,,
400,33.86281588447653,,,,,,,,,,,,,,,,,,,,,,,,,,,,,,,,,,,,,,,,,,,,,,,,,,,,,,,,,,,
405,33.86281588447653,,,,,,,,,,,,,,,19.494584837545126,,,,,,,,,,,,,,,,,,,,,,,,,,,,,,,,,,,,,,,,,,,,
410,19.494584837545126,,,,,,,,,,,,,,,19.494584837545126,,,,,,,,,,,,,,,,,,,,,,,,,,,,,,,,,,,,,,,,,,,,
415,28.92521175261736,,,,,,,,,,,,,,,28.92521175261736,,,,,,,,,,,,,,,,,,,,,,,,,,,,,,,,,,,,,,,,,,,,
420,33.720577617328516,,,,,,,,,,,,,,,33.720577617328516,,,,,,,,,,,,,,,,,,,,,,,,,,,,,,,,,,,,,,,,,,,,
425,28.440940523931136,,,,,,,,,,,,,,,28.440940523931136,,,,,,,,,,,,,,,,,,,,,,,,,,,,,,,,,,,,,,,,,,,,
430,19.494584837545126,,,,,,,,,,,,,,,,,,,,,,,,,,,,,,,,,,,,,,,,,,,,,,,,,,,,,,,,,,,
435,19.494584837545126,,,,,,,,,,,,,,,,,,,,,,,,,,,,,,,,,,,,,,,,,,,,,,,,,,,,,,,,,,,
440,19.494584837545126,,,,,,,,,,,,,,,,,,,,,,,,,,,,,,,,,,,,,,,,,,,,,,,,,,,,,,,,,,,
445,19.494584837545126,,,,,,,,,,,,,,,,,,,,,,,,,,,,,,,,,,,,,,,,,,,,,,,,,,,,,,,,,,,
450,19.494584837545126,,,,,,,,,,,,,,,,,,,,,,,,,,,,,,,,,,,,,,,,,,,,,,,,,,,,,,,,,,,
455,19.494584837545126,,,,,,,,,,,,,,,,,,,,,,,,,,,,,,,,,,,,,,,,,,,,,,,,,,,,,,,,,,,
460,19.494584837545126,,,,,,,,,,,,,,,,,,,,,,,,,,,,,,,,,,,,,,,,,,,,,,,,,,,,,,,,,,,
465,19.494584837545126,,,,,,,,,,,,,,,,,,,,,,,,,,,,,,,,,,,,,,,,,,,,19.494584837545126,,,,,,,,,,,,,,,
470,19.494584837545126,,,,,,,,,,,,,,,,,,,,,,,,,,,,,,,,,,,,,,,,,,,,19.494584837545126,,,,,,,,,,,,,,,
475,19.494584837545126,,,,,,,,,,,,,,,,,,,,,,,,,,,,,,,,,,,,,,,,,,,,19.494584837545126,,,,,,,,,19.494584837545126,,,,,,
480,19.494584837545126,,,,,,,,,,,,,,,,,,,,,,,,,,,,,,,,,,,,,,,,,,,,19.494584837545126,,,,,,,,,19.494584837545126,,,,,,
485,19.494584837545126,,,,,,,,,,,,,,,,,,,,,,,,,,,,,,,,,,,,,,,,,,,,19.494584837545126,,,,,,,,,19.494584837545126,,,,,,
490,19.494584837545126,,,,,,,,,,,,,,,,,,,,,,,,,,,,,,,,,,,,,,,,,,,,19.494584837545126,,,,,,,,,19.494584837545126,,,,,,
495,19.494584837545126,,,,,,,,,,,,,,,,,,,,,,,,,,,,,,,,,,,,,,,19.494584837545126,,,,,,,,,,,,,,19.494584837545126,,,,,,
500,,,,,,,,,,,,,,,,,,,,,,,,,,,,,,,,,,,,,,,,26.10617427785879,,,,,,,,,,,,,,26.10617427785879,,,,,,
505,,,,,,,,,,,,,,,,,,,,,,,,,,,,,,,,,,,,,,,,38.717454975074034,,,,,,,,,,,,,,38.717454975074034,,,,,,
510,,,,,,,,,,,,,,,,,,,,,,,,,,,,,,,,,,,,,,,,30.172130182240657,,,,,,,,,,,,,,30.172130182240657,,,,,,
515,,,,,,,,,,,,,,,,,,,,,,,,,,,,,,,,,,,,,,,,28.858483754512633,,,,,,,,,,,,,,28.858483754512633,,,,,,
520,,,,,,,,,,,,,,,,,,,,,,,,,,,,,,,,,,,,,,,,19.494584837545126,,,,,,,,,,,,,,19.494584837545126,,,,,,
525,,,,,,,,,,,,,,,,,,,,,,,,,,,,,,,,,,,,,,,,19.494584837545126,,,,,,,,,,,,,,19.494584837545126,,,,,,
530,,,,,,,,,,,,,,,,,,,,,,,,,,,,,,,,,,,,,,,,19.494584837545126,,,,,,,,,,,,,,19.494584837545126,,,,,,
535,,,,,,,,,,,,,,,,,,,,,,,,,,,,,,,,,,,,,,,,19.494584837545126,,,,,,,,,,,,,,19.494584837545126,,,,,,
540,,,,,,,,,,,,,,,,,,,,,,,,,,,,,,,,,,,,,,,,19.494584837545126,,,,,,,,,,,,,,19.494584837545126,,,,,,
545,,,,,,,,,,,,,,,,,,,,,,,,,,,,,,,,,,,,,,,,19.494584837545126,,,,,,,,,,,,,,19.494584837545126,,,,,,
550,,,,,,,,,,,,,,,,,,,,,,,,,,,,,,,,,,,,,,,,19.494584837545126,,19.494584837545126,,,,,,,,,,,,19.494584837545126,,,,,,
555,,,,,,,,,,,,,,,,,,,,,,,,,,,,,,,,,,,,,,,,19.494584837545126,,19.494584837545126,,,,,,,,,,,,,,,,,,
560,,,,,,,,,,,,,,,,,,,,,,,,,,,,,,,,,,,,,,,,19.494584837545126,,19.494584837545126,,,,,,,,,,,,,,,,,,
565,,,,,,,,,,,,,,,,,,,,,,,,,,,,,,,,,,,,19.494584837545126,,,,19.494584837545126,,19.494584837545126,,,,,,,,,,,,,,,,,,
570,,,,,,,,,,,,,,,,,,,,,,,,,,,,,,,,,,,,19.494584837545126,,,,19.494584837545126,,19.494584837545126,,,,,,,,,,,,,,,,,,
575,,,,,,,,,,,,,,,,,,,,,,,,,,,,,,,,,,,,19.494584837545126,,,,,,19.494584837545126,,,,,,,,,,,,,,,19.494584837545126,,,
580,,,,,,,,,,,,,,,,,,,,,,,,,,,,,,,,,,,,19.494584837545126,,,,,,19.494584837545126,,,,,,,,,,,,,,,19.494584837545126,,,
585,,,,,,,,,,,,,,,,,,,,,,,,,,,,,,,,,,,,19.494584837545126,,,,,,19.494584837545126,,,,,,,,,,,,,,,19.494584837545126,,,
590,,,,,,,,,,,,,,,,,,,,,,,,,,,,,,,,,,,,19.494584837545126,,,,,,19.494584837545126,,,,,,,,,,,,,,,19.494584837545126,,,
595,,,,,,,,,,,,,,,,,,,,,,,,,,,,,,,,,,,,,,,,,,19.494584837545126,,,,,,,,,,,,,,,19.494584837545126,,,
600,,,,,,,,,,,,,,,,,,,,,,,,,,,,,,,,,,,,,,,,,,26.364305016344364,,,,,,,,,,,,,,,26.364305016344364,,,
605,,,,,,,,,,,,,,,,,,,,,,,,,,,,,,,,,,,,,,,,,,28.858483754512633,,,,,,,,,,,,,,,,,,
610,,,,,,,,,,,,,,,,,,,,,,,,,,,,,,,,,,,,,,,,,,19.494584837545126,,,,,,,,,,,,,,,,,,
615,,,,,,,,,,,,,,,,,,,,,,,,,,,,,,,,,,,,,,,,,,19.494584837545126,,,,,,,,,,,,,,,,,,
620,,,,,,,,,,,,,,,,,,,,,,,,,,,,,,,,,,,,,,,,,,19.494584837545126,,,,,,,,,,,,,,,,,,
660,,,,,19.494584837545126,,,,,,,,,,,,,,,,,,,,,,,,,,,,,,,,,,,,,,,,,,,,,,,,,,,,,,,
665,,,,,19.494584837545126,,,,,,,,,,,,,,,,,,,,,,,,,,,,,,,,,,,,,,,,,,,,,,,,,,,,,,,
670,,,,,19.494584837545126,,,,,,,,,,,,,,,,,,,,,,,,,,,,,,,,,,,,,,,,,,,,,,,,,,,,,,,
675,,,,,19.494584837545126,,,,,,,,,,,,,,,,,,,,,,,,,,,,,,,,,,,,,,,,,,,,,,,,,,,,,,,
680,,,,,19.494584837545126,,,,,,,,,,,,,,,,,,,,,,,,,,,,,,,,,,,,,,,,,,,,,,,,,,,,,,,
685,,,,,19.494584837545126,,,,,,,,,,,,,,,,,,,,,,,,,,,,,,,,,,,,,,,,,,,,,,,,,,,,,,,
690,,,,,19.494584837545126,,,,,,,,,,,,,,,,,,,,,,,,,,,,,,,,,,,,,,,,,,,,,,,,,,,,,,,
695,,,,,19.494584837545126,,,,,,,,,,,,,,19.494584837545126,,,,,,,,,,,,,,,,,,,,,,,,,,,,,,,,,,,,,,,,,
700,,,,,19.494584837545126,,,,,,,,,,,,,,19.494584837545126,,,,,,,,,,,,,,,,,,,,,,,,,,,,,,,,,,,,,,,,,
705,,,,,28.858483754512633,,,,,,,,,,,,,,60.727075812274364,,,,,,,,,,,,,,,,,,,,,,,,,,,,,,,,,,,,,,,,,
710,,,,,60.727075812274364,,,,,,,,,,,,,,60.727075812274364,,,,,,,,,,,,,,,,,,,,,,,,,,,,,,,,,,,,,,,,,
715,,,,,60.727075812274364,,,,,,,,,,,,,,60.727075812274364,,,,,,,,,,,,,,,,,,,,,,,,,,,,,,,,,,,,,,,,,
720,,,,,60.58483754512635,,,,,,,,,,,,,,60.58483754512635,,,,,,,,,,,,,,,,,,,,,,,,,,,,,,,,,,,,,,,,,
725,,,,,60.727075812274364,,,,,,,,,,,,,,60.727075812274364,,,60.727075812274364,,,,,,,,,,,,,,,,,,,,,,,,,,,,,,,,,,,,,,
730,,,,,60.58483754512635,,,,,,,,,,,,,,60.58483754512635,,,60.58483754512635,,,,,,,,,,,,,,,,,,,,,,,,,,,,,,,,,,,,,,
735,,,,,80.29675090252707,,,,,,,,,,,,,,80.29675090252707,,,80.29675090252707,,,,,,,,,,,,,,,,,,,,,,,,,,,,,,,,,,,,,,
740,,,,,60.65631768953068,,60.65631768953068,60.65631768953068,,,,,,,,,,,60.65631768953068,,,60.65631768953068,,,,,,,,,,,,,,,,,,,,,,,,,,,,,,,,,,,,,,
745,,,,,84.55476176784589,,84.55476176784589,84.55476176784589,,,,,,,,,,,84.55476176784589,,,84.55476176784589,,,,,,,,,,,,,,,,,,,,,,,,,,,,,,,,,,,,,,
750,,,,,,,60.65631768953068,60.65631768953068,,,,,,,,,,,60.65631768953068,,,60.65631768953068,,,,,,,,,,,,,,,,,,,,,,,,,,,,,,,,,,,,,,
755,,,,,,,60.65631768953068,60.65631768953068,,,,,,,,,,,60.65631768953068,,,60.65631768953068,,,,,,,,,,,,,,,,,,,,,,,,,,,,,,,,,,,,,,
760,,,,,,,60.65631768953068,60.65631768953068,,,60.65631768953068,,,,,,,,60.65631768953068,,,60.65631768953068,,,,,,,,,,,,,,,,,,,,,,,,,,,,,,,,,,,,,,
765,,,,,,,106.27827689411228,106.27827689411228,,,106.27827689411228,,,,,,,,106.27827689411228,,,106.27827689411228,,,,,,,,,,,,,,,,,,,,,106.27827689411228,,,,,,,,,,,,,,,,,
770,,,,,,,60.65631768953068,60.65631768953068,,,60.65631768953068,,,,,,,,60.65631768953068,,,60.65631768953068,,,,,,,,,,,,,,,,,,,,,60.65631768953068,,,,,,,,,,,,,,,,,
775,,,,,,,60.65631768953068,60.65631768953068,,,60.65631768953068,,,,,,,,60.65631768953068,,,60.65631768953068,,,,,,,,,,,,,,,,,,,,,60.65631768953068,,,,,,,,,,,,,,,,,
780,,,,,,,78.44916757606399,78.44916757606399,,,78.44916757606399,,,,,,78.44916757606399,,78.44916757606399,,,78.44916757606399,,,,,,,,,,,,,,,,,,,,,78.44916757606399,,,,,78.44916757606399,,,,,,,,,,,,
785,,,,,,,73.04544358042236,73.04544358042236,,,,,,,,,73.04544358042236,,73.04544358042236,,,73.04544358042236,,,,,,,,,,,,,,,,,,,,,73.04544358042236,,,,,73.04544358042236,,,,,,,,,,,,
790,,,,,,,52.059205776173286,52.059205776173286,,,,,,,,,52.059205776173286,,52.059205776173286,,,52.059205776173286,,,,,,,,,,,,,,,,,,,,,,,,,,52.059205776173286,,,,,,,,,,,,
795,,,,,,,52.059205776173286,52.059205776173286,,,,,,,,,52.059205776173286,,52.059205776173286,,,52.059205776173286,,,,,,,,,,,,,,,,,,,,,,,,,,52.059205776173286,,,,,,,,,,,,
800,,,,,,,70.2816593498907,70.2816593498907,,,,,,,,,70.2816593498907,,70.2816593498907,,,70.2816593498907,,,,,,,,,,,,,,,,,,,,,,,,,,70.2816593498907,,,,,,,,,,,,
805,,,,,,,96.80836699636586,96.80836699636586,,,,,,,,,96.80836699636586,,96.80836699636586,,,96.80836699636586,,,,,,,,,,,,,,,,,,,,,,,,,,,,,,,,,,,,,,
810,,,,,,,60.65631768953068,60.65631768953068,,,,,,,,,60.65631768953068,,60.65631768953068,,,60.65631768953068,,,,,,,,,,,,,,,,,,,,,,,,,,,,,,,,,,,,,,
815,,,,75.02454873646208,,,75.02454873646208,75.02454873646208,,,,,,,,,75.02454873646208,,75.02454873646208,,,75.02454873646208,,,,,,,,,,,,,,,,,,,,,,,,,,,,,,,,,,,,,,
820,,,,75.02454873646208,,,75.02454873646208,75.02454873646208,,,,,,,,,75.02454873646208,,75.02454873646208,,,75.02454873646208,,,,,,,,,,,,,,,,,,,,,,,,,,,,,,,,,,,,,,
825,,,,75.02454873646208,,,75.02454873646208,,,,,,,,,,75.02454873646208,,75.02454873646208,,,75.02454873646208,,,,,,,,,,,,,,,,,,,,,,,,,,,,,,,,,,,,,,
830,,,,75.02454873646208,,,75.02454873646208,,,,,,,,,,75.02454873646208,,75.02454873646208,,,75.02454873646208,,,,,,,,,,,,,,,,,,,,,,,,,,,,,,,,,,,,,,
835,,,,75.02454873646208,,,75.02454873646208,,,,,,,,,,75.02454873646208,,75.02454873646208,,,75.02454873646208,,,,,,,,,,,,,,,,,,,,,,,,,,,,,,,,,,,,,,
840,,,,75.02454873646208,,,75.02454873646208,,,,,,,,,,75.02454873646208,,75.02454873646208,,,75.02454873646208,,,,,,,,,,,,,,,,,,,,,,,,,,,,,,,,,,,,,,
845,,,,75.02454873646208,,,75.02454873646208,,,,,,,,,,75.02454873646208,,75.02454873646208,,,75.02454873646208,,,,,,,,,,,,,,,,,,,,,,,,,,,,,,,,,,,,,,
850,,,,75.02454873646208,,,75.02454873646208,,,,,,,,,,75.02454873646208,,75.02454873646208,,,75.02454873646208,,,,,,,,,,,,,,,,,,,,,,,,,,,,,,,,,,,,,,
855,,,,75.02454873646208,,,75.02454873646208,,,,,,,,,,,,75.02454873646208,,,75.02454873646208,,,,,,,,,,,,,,,,,,,,,,,,,,,,,,,,,,,,,,
860,,,,107.70504874820851,,,107.70504874820851,,,,,,,,107.70504874820851,,,,107.70504874820851,,,107.70504874820851,,,,,,,,,,,,,,,,,,,,,,,,,,,,,,,,,,,,,,
865,,,,113.8678700361011,,,113.8678700361011,,,,,,,,113.8678700361011,,,,113.8678700361011,,,113.8678700361011,,,,,,,,,,,,,,,,,,,,,,,,,,,,,,,,,,,,,,
870,,,,86.88014440433211,,,86.88014440433211,,,,,,,,86.88014440433211,,,,86.88014440433211,,,86.88014440433211,,,,,,,,,,,,,,,,,,,,,,,,,,,,,,,,,,,,,,
875,,,,99.84349085071183,,,99.84349085071183,,,,,,,,99.84349085071183,,,,99.84349085071183,,,99.84349085071183,,,,,,,,,,,,,,,,,,,,,,,,,,,,,,,,,,,,,,
880,,,,103.00145611419516,,,103.00145611419516,,,,,,,,103.00145611419516,,,,103.00145611419516,,,103.00145611419516,,,,,,,,,,,,,,,,,,,,,,,,,,,,,,,,,,,,,,
885,,,,98.10689024497566,,,98.10689024497566,,,,,,,,98.10689024497566,,,,98.10689024497566,,,98.10689024497566,,,,,,,,,,,,,,,,98.10689024497566,,,,,,,,,,,,,,,,,,,,,,
890,,,,97.05599014546786,,,97.05599014546786,,,,,,,,97.05599014546786,,,,97.05599014546786,,,97.05599014546786,,,,,,,,,,,,,,,,97.05599014546786,,,,,,,,,,,,,,,,,,,,,,
895,,,,108.68174017596337,,,108.68174017596337,,,,,,,,108.68174017596337,,,,108.68174017596337,,,108.68174017596337,,,,,,,,,,,,,,,,108.68174017596337,,,,,,,,,,,,,,,,,,,,,,
900,,,,96.69192449126648,,,96.69192449126648,,,,,,,,96.69192449126648,,,,96.69192449126648,,,96.69192449126648,,,,,,,,,,,,,,,,96.69192449126648,,,,,,,,,,,,,,,,,,,,,,
905,,,,75.02454873646208,,,75.02454873646208,,,,,,,,75.02454873646208,,,,75.02454873646208,,,75.02454873646208,,,,,,,,,,,,,,,,60.65631768953068,,,,,,,,,,,,,,,,,,,,,,
910,,,,60.65631768953068,,,60.65631768953068,,,,,,,,60.65631768953068,,,,60.65631768953068,,,60.65631768953068,,,,,,,,,,,,,,,,60.65631768953068,,,,,,,,,,,,,,,,,,,,,,
915,,,,60.65631768953068,,,60.65631768953068,,,,,,,,60.65631768953068,,,,60.65631768953068,,,60.65631768953068,,,,,,,,,,,,,,,,60.65631768953068,,,,,,,,,,,,,,,,,,,,,,
920,,,,60.65631768953068,,,60.65631768953068,,,,,,,,60.65631768953068,,,,60.65631768953068,,,60.65631768953068,,,,,,,,,,,,,,,,60.65631768953068,,,,,,,,,,,,,,,,,,,,,,
925,,,,60.65631768953068,,,60.65631768953068,,,,,,,,60.65631768953068,,,,60.65631768953068,,,60.65631768953068,,,,,,,,,,,,,,,,60.65631768953068,,,,,,,,,,,,,,,,,,,,,,
930,,,,60.65631768953068,,,60.65631768953068,,,,,,,,60.65631768953068,,,,60.65631768953068,,,60.65631768953068,,,,,,,,,,,,,,,,60.65631768953068,,,,,,,,,,,,,,,,,,,,,,
935,,,,60.65631768953068,,,60.65631768953068,,,,,,,,60.65631768953068,,,,60.65631768953068,,,60.65631768953068,,,,,,,,60.65631768953068,,,,,,,,60.65631768953068,,,,,,,,,,,,,,,,,,,,,,
940,,,,60.65631768953068,,,60.65631768953068,,,,,,,,60.65631768953068,,,,60.65631768953068,,,60.65631768953068,,,,,,,,60.65631768953068,,,,,,,,60.65631768953068,,,,,,,,,,,,,,,,,,,,,,
945,,,,87.36160480158797,,,87.36160480158797,,,,,,,,87.36160480158797,,,,87.36160480158797,,87.36160480158797,87.36160480158797,,,,,,,,87.36160480158797,,,,,,,,87.36160480158797,,,,,,,,,,,,,,,,,,,,,,
950,,,,113.15518253923446,,,113.15518253923446,,,,,,,,113.15518253923446,,,,113.15518253923446,,113.15518253923446,113.15518253923446,,,,,,,,113.15518253923446,,,,,,,,113.15518253923446,,,,,,,,,,,,,,,,,,,,,,
955,,,,113.20071816299452,,113.20071816299452,113.20071816299452,,113.20071816299452,,,,,,113.20071816299452,,,,113.20071816299452,,113.20071816299452,113.20071816299452,,,,,,,,113.20071816299452,,,,,,,,113.20071816299452,,,,,,,,,,,,,,,,,,,,,,
960,,,,131.3590670932063,,131.3590670932063,131.3590670932063,,131.3590670932063,,,,,,131.3590670932063,,,,131.3590670932063,,131.3590670932063,131.3590670932063,,,,,,,,131.3590670932063,,,,,,,,131.3590670932063,,,,,,,,,,,,,,,,,,,,,,
965,,,,109.70541585473407,,109.70541585473407,109.70541585473407,,109.70541585473407,109.70541585473407,,,,,109.70541585473407,,,,109.70541585473407,,109.70541585473407,109.70541585473407,,,,,,,,109.70541585473407,,,,,,,,109.70541585473407,,,,,,,,,,,,,,,,,,,,,,
970,,,,108.35074144418584,,108.35074144418584,108.35074144418584,,108.35074144418584,108.35074144418584,,,,,108.35074144418584,,,,108.35074144418584,,,108.35074144418584,,,,,,,,78.66169242285505,,,,,,,,78.66169242285505,,,,,,,,,,,,,,,,,,,,,,
975,,,,53.285198555956676,,53.285198555956676,53.285198555956676,,53.285198555956676,53.285198555956676,,,,,53.285198555956676,,,,53.285198555956676,,,53.285198555956676,,,,,,,,53.285198555956676,,,,,,,,53.285198555956676,,,,,,,,,,,53.285198555956676,,,,,,,,,,,
980,,,,64.33357400722021,,64.33357400722021,64.33357400722021,,,64.33357400722021,,,,,64.33357400722021,,,,64.33357400722021,,,64.33357400722021,,,,,,,,64.33357400722021,,,,,,,,64.33357400722021,,,,,,,,,,,64.33357400722021,,,,,,,,,,,
985,,64.33357400722021,,64.33357400722021,,64.33357400722021,64.33357400722021,,,64.33357400722021,,,,,64.33357400722021,,,,64.33357400722021,,,64.33357400722021,,,,,,,,64.33357400722021,,,,,,,,64.33357400722021,,,,,,,,,,,64.33357400722021,,,,,,,,,,,
990,,33.21299638989169,,33.21299638989169,,33.21299638989169,33.21299638989169,,,33.21299638989169,,,,,33.21299638989169,,,,33.21299638989169,,,33.21299638989169,,,,,,,,33.21299638989169,,,,,,,,33.21299638989169,,,,,,,,,,,33.21299638989169,,,,,,,,,,,
995,,33.21299638989169,,33.21299638989169,,33.21299638989169,33.21299638989169,,,33.21299638989169,,,,,33.21299638989169,,,,33.21299638989169,,,33.21299638989169,,,,,,,,33.21299638989169,,,,,,,,33.21299638989169,,,,,,,,,,,33.21299638989169,,,,,,,,,,,
1000,,33.21299638989169,,33.21299638989169,,33.21299638989169,33.21299638989169,,,33.21299638989169,,,,,33.21299638989169,,,,33.21299638989169,,,33.21299638989169,,,,,,,,33.21299638989169,,,33.21299638989169,,,,,33.21299638989169,,,,,,,,,,,33.21299638989169,,,,,,,,,,,
1005,,33.21299638989169,,33.21299638989169,,33.21299638989169,33.21299638989169,,,33.21299638989169,,,,,33.21299638989169,,,,33.21299638989169,,,33.21299638989169,,,,,,,,33.21299638989169,,,33.21299638989169,,,,,33.21299638989169,,,,,,,,,,,33.21299638989169,,,,,,,,,,,
1010,,33.21299638989169,,33.21299638989169,,33.21299638989169,33.21299638989169,,,33.21299638989169,,,,,33.21299638989169,,,,33.21299638989169,,,33.21299638989169,,,,,,,,33.21299638989169,,,33.21299638989169,,,,,33.21299638989169,,,,,,,,,,,33.21299638989169,,,,,,,,,,,
1015,,33.21299638989169,,33.21299638989169,,33.21299638989169,33.21299638989169,,,33.21299638989169,,,,,33.21299638989169,,,,33.21299638989169,,,33.21299638989169,,,,,,,,33.21299638989169,,,33.21299638989169,,,,,33.21299638989169,,,,,,,,,,,33.21299638989169,,,,,,,,,,,
1020,,33.21299638989169,,33.21299638989169,,33.21299638989169,33.21299638989169,,,33.21299638989169,,,,,33.21299638989169,,,,33.21299638989169,,,33.21299638989169,,,,,,,,33.21299638989169,,,33.21299638989169,,,,,33.21299638989169,,,,,,,,,,,33.21299638989169,,,,,,,,,,,
1025,,33.21299638989169,,33.21299638989169,,33.21299638989169,33.21299638989169,,,33.21299638989169,,,,,33.21299638989169,,,33.21299638989169,33.21299638989169,,,33.21299638989169,,,,,,,,33.21299638989169,,,33.21299638989169,,,,,33.21299638989169,,,,,,,,,,,33.21299638989169,,,,,,,,,,,
1030,,51.05126353790613,,51.05126353790613,,51.05126353790613,51.05126353790613,,,51.05126353790613,,,,,51.05126353790613,,,51.05126353790613,51.05126353790613,,,51.05126353790613,,,,,,,,51.05126353790613,,,51.05126353790613,,,,,51.05126353790613,,,,,,,,,,,51.05126353790613,,,,,,,,,,,
1035,,44.26137184115524,,44.26137184115524,,44.26137184115524,44.26137184115524,,,44.26137184115524,,,,,44.26137184115524,,,44.26137184115524,44.26137184115524,,,44.26137184115524,,,,,,,,44.26137184115524,,,44.26137184115524,,,,,44.26137184115524,,,,,,,,,,,44.26137184115524,,,,,,,,,,,
1040,,64.33357400722021,,64.33357400722021,,64.33357400722021,64.33357400722021,,,64.33357400722021,,,,,64.33357400722021,,,64.33357400722021,64.33357400722021,,,64.33357400722021,,,,,,,,64.33357400722021,,,64.33357400722021,,,,,64.33357400722021,,,,,,,,,,,64.33357400722021,,,,,,,,,,,
1045,,64.33357400722021,,64.33357400722021,,64.33357400722021,64.33357400722021,,,64.33357400722021,,,,,64.33357400722021,,,64.33357400722021,64.33357400722021,,,64.33357400722021,,,,,,,,64.33357400722021,,,64.33357400722021,,,,,64.33357400722021,,,,,,,,,,,64.33357400722021,,,,,,,,,,,
1050,,87.69339147962012,,87.69339147962012,,87.69339147962012,87.69339147962012,,,87.69339147962012,,,,,87.69339147962012,,,87.69339147962012,87.69339147962012,,,87.69339147962012,,,,,,,,87.69339147962012,,,87.69339147962012,,,,,87.69339147962012,,,,,,,,,,,87.69339147962012,,,,,,,,,,,
1055,,70.69169675090251,,70.69169675090251,,70.69169675090251,70.69169675090251,,,70.69169675090251,,,,,70.69169675090251,,,66.5884476534296,66.5884476534296,,,66.5884476534296,,,,,,,,66.5884476534296,,,66.5884476534296,,,,,66.5884476534296,,,,,,,,,,,66.5884476534296,,,,,,,,,,,
1060,,87.88198408360847,,87.88198408360847,,87.88198408360847,87.88198408360847,,,87.88198408360847,,,,,87.88198408360847,,,87.88198408360847,87.88198408360847,,,87.88198408360847,,,,,,,,87.88198408360847,,,87.88198408360847,,,,,87.88198408360847,,,,,,,,,,,87.88198408360847,,,,,,,,,,,
1065,,83.25559566787004,,83.25559566787004,,83.25559566787004,83.25559566787004,,,83.25559566787004,,,,,83.25559566787004,,,83.25559566787004,83.25559566787004,,,83.25559566787004,,,,,,,,83.25559566787004,,,83.25559566787004,,,,,83.25559566787004,,,,,,,,,,,83.25559566787004,,,,,,,,,,,
1070,,54.44476534296028,,54.44476534296028,,54.44476534296028,54.44476534296028,,,54.44476534296028,,,,,54.44476534296028,,,54.44476534296028,54.44476534296028,,,54.44476534296028,,,,,,,,54.44476534296028,,,54.44476534296028,,,,,54.44476534296028,,,,,,,,,,,54.44476534296028,,,,,,,,,,,
1075,,54.44476534296028,,54.44476534296028,,,54.44476534296028,,,54.44476534296028,,,,,54.44476534296028,,,54.44476534296028,54.44476534296028,,,54.44476534296028,,,54.44476534296028,,,,,54.44476534296028,,,54.44476534296028,,,,,54.44476534296028,,,,,,,,,,,54.44476534296028,,,,,,,,,,,
1080,,54.44476534296028,,54.44476534296028,,,54.44476534296028,,,54.44476534296028,,,,,54.44476534296028,,,54.44476534296028,54.44476534296028,,,54.44476534296028,,,54.44476534296028,,,,,54.44476534296028,,,54.44476534296028,,,,,54.44476534296028,,,54.44476534296028,,,,,,,,54.44476534296028,,,,,,,,,,,
1085,,54.44476534296028,,54.44476534296028,,,54.44476534296028,,,54.44476534296028,,,,,54.44476534296028,,,54.44476534296028,54.44476534296028,,,54.44476534296028,,,54.44476534296028,,,,,54.44476534296028,,,54.44476534296028,,,,,54.44476534296028,,,54.44476534296028,,,,,,,,54.44476534296028,,,,,,,,,,,
1090,,54.44476534296028,,54.44476534296028,,,54.44476534296028,,,54.44476534296028,,,,,54.44476534296028,,,54.44476534296028,54.44476534296028,,,54.44476534296028,,,54.44476534296028,,,,,54.44476534296028,,,54.44476534296028,54.44476534296028,,,,54.44476534296028,,,40.076534296028875,,,,,,,,40.076534296028875,,,,,,,,,,,
1095,,40.076534296028875,,40.076534296028875,,,40.076534296028875,,,40.076534296028875,,,,,40.076534296028875,,,40.076534296028875,40.076534296028875,,,40.076534296028875,,,40.076534296028875,,,,,40.076534296028875,,,40.076534296028875,40.076534296028875,,,,40.076534296028875,,,40.076534296028875,,,,,,,,40.076534296028875,,,,,,,,,,,
1100,,40.076534296028875,,40.076534296028875,,,40.076534296028875,,,40.076534296028875,,,,,40.076534296028875,,,40.076534296028875,40.076534296028875,,,40.076534296028875,,,40.076534296028875,,,,,40.076534296028875,,,40.076534296028875,40.076534296028875,,,,40.076534296028875,,,40.076534296028875,,,,,,,,40.076534296028875,,,,,,,,,,,
1105,,40.076534296028875,,40.076534296028875,,,40.076534296028875,,,40.076534296028875,,,,,40.076534296028875,,,40.076534296028875,40.076534296028875,,,40.076534296028875,,,40.076534296028875,,,,,40.076534296028875,,,40.076534296028875,40.076534296028875,,,,40.076534296028875,,,40.076534296028875,,,,,,,,40.076534296028875,,,,,,,,,,,
1110,,40.076534296028875,,40.076534296028875,,,40.076534296028875,,,40.076534296028875,,,,,40.076534296028875,,,40.076534296028875,40.076534296028875,,,40.076534296028875,,,40.076534296028875,,,,,40.076534296028875,,,40.076534296028875,40.076534296028875,,,,40.076534296028875,,,40.076534296028875,,,,,,,,40.076534296028875,,,,,,,,,,,
1115,,62.78633762643204,,62.78633762643204,,,62.78633762643204,,,62.78633762643204,,,,,62.78633762643204,,,62.78633762643204,62.78633762643204,,,62.78633762643204,,62.78633762643204,62.78633762643204,,,,,62.78633762643204,,,62.78633762643204,62.78633762643204,,,,62.78633762643204,,,62.78633762643204,,,,,,,,62.78633762643204,,,,,,,,,,,
1120,,68.88736462093863,,68.88736462093863,,,68.88736462093863,,,68.88736462093863,,,,,68.88736462093863,,,68.88736462093863,68.88736462093863,,,68.88736462093863,68.88736462093863,68.88736462093863,68.88736462093863,,,,,68.88736462093863,,,68.88736462093863,68.88736462093863,,,,68.88736462093863,,,68.88736462093863,,,,,,,,68.88736462093863,,,,,,,,,,,
1125,,40.36462093862816,,40.36462093862816,,,40.36462093862816,,,40.36462093862816,,,,,40.36462093862816,,,54.73285198555956,54.73285198555956,,,54.73285198555956,54.73285198555956,54.73285198555956,54.73285198555956,,,,,54.73285198555956,,,54.73285198555956,54.73285198555956,,,,54.73285198555956,,,54.73285198555956,,,,,,,,54.73285198555956,,,,,,,,,,,
1130,,54.73285198555956,,54.73285198555956,,,54.73285198555956,,,54.73285198555956,,,,,54.73285198555956,,,54.73285198555956,54.73285198555956,,,54.73285198555956,54.73285198555956,54.73285198555956,54.73285198555956,,,,,54.73285198555956,,,54.73285198555956,54.73285198555956,,,,54.73285198555956,,,54.73285198555956,,,,,,,,54.73285198555956,,,,,,,,,,,
1135,,79.2755151459983,,79.2755151459983,,,79.2755151459983,,,79.2755151459983,,,,79.2755151459983,79.2755151459983,,,79.2755151459983,79.2755151459983,,,79.2755151459983,79.2755151459983,79.2755151459983,79.2755151459983,,,,,79.2755151459983,,,79.2755151459983,79.2755151459983,,,,79.2755151459983,,,79.2755151459983,,,,,,,,79.2755151459983,,,,,,,,,,,
1140,,92.8625431694485,,92.8625431694485,,,92.8625431694485,,,92.8625431694485,,,,92.8625431694485,92.8625431694485,,,92.8625431694485,92.8625431694485,,,92.8625431694485,92.8625431694485,,92.8625431694485,,,,,92.8625431694485,,,92.8625431694485,92.8625431694485,,,,92.8625431694485,,,92.8625431694485,,,,,,,,92.8625431694485,,,,,,,,,,,
1145,,108.03357107532369,,108.03357107532369,,,108.03357107532369,,,108.03357107532369,,,,108.03357107532369,108.03357107532369,,,108.03357107532369,108.03357107532369,,,108.03357107532369,108.03357107532369,,108.03357107532369,,,,,108.03357107532369,,,108.03357107532369,108.03357107532369,,,,108.03357107532369,,,108.03357107532369,,,,,,,,108.03357107532369,,,,,,,,,,,
1150,,106.71763059310614,,106.71763059310614,,,106.71763059310614,,,106.71763059310614,,,,106.71763059310614,106.71763059310614,,,106.71763059310614,106.71763059310614,,,106.71763059310614,106.71763059310614,,106.71763059310614,,,,,106.71763059310614,,,106.71763059310614,106.71763059310614,,,,106.71763059310614,,,106.71763059310614,,,,,,,,106.71763059310614,,,,,,,,,,,
1155,,54.44476534296028,,54.44476534296028,,,33.21299638989169,,,33.21299638989169,,,,33.21299638989169,33.21299638989169,,,33.21299638989169,33.21299638989169,,,,33.21299638989169,,33.21299638989169,,,,,33.21299638989169,,,33.21299638989169,33.21299638989169,,,,33.21299638989169,,,33.21299638989169,,,,,,,,33.21299638989169,,,,,,,,,,,
1160,,33.21299638989169,,33.21299638989169,,,33.21299638989169,,,33.21299638989169,,,,,33.21299638989169,,,33.21299638989169,,,,,33.21299638989169,,33.21299638989169,,,,,33.21299638989169,,,33.21299638989169,33.21299638989169,,,,33.21299638989169,,,33.21299638989169,,,33.21299638989169,,,,,33.21299638989169,,,,,,,,,,,
1165,,33.21299638989169,,33.21299638989169,,,33.21299638989169,,,33.21299638989169,,,,,33.21299638989169,,,33.21299638989169,,,,,33.21299638989169,,33.21299638989169,,,,,33.21299638989169,,,33.21299638989169,33.21299638989169,,,,33.21299638989169,,,33.21299638989169,,,33.21299638989169,,,,,33.21299638989169,,,,,,33.21299638989169,,,,,
1170,,33.21299638989169,,33.21299638989169,,,,,,33.21299638989169,,,,,33.21299638989169,,,33.21299638989169,,,,,33.21299638989169,,33.21299638989169,,,,,33.21299638989169,,,33.21299638989169,33.21299638989169,,,,33.21299638989169,,,33.21299638989169,,,33.21299638989169,,,,,33.21299638989169,,,,,,33.21299638989169,,,,,
1175,,33.21299638989169,,33.21299638989169,,,,,,33.21299638989169,,,,,33.21299638989169,,,33.21299638989169,,,,,33.21299638989169,,33.21299638989169,,,,,33.21299638989169,,,33.21299638989169,33.21299638989169,,,,33.21299638989169,,,33.21299638989169,,,33.21299638989169,,,,,33.21299638989169,,,,,,33.21299638989169,,,,,
1180,,33.21299638989169,,33.21299638989169,,,,,,33.21299638989169,,,,,33.21299638989169,,,33.21299638989169,,,,,33.21299638989169,,33.21299638989169,,,,,33.21299638989169,,,33.21299638989169,33.21299638989169,,,,33.21299638989169,,,33.21299638989169,,,33.21299638989169,,,,,33.21299638989169,,,,,,33.21299638989169,,,,,
1185,,33.21299638989169,,33.21299638989169,,,,,,33.21299638989169,,,,,33.21299638989169,,,33.21299638989169,,,,,33.21299638989169,,33.21299638989169,,,,,33.21299638989169,,,33.21299638989169,33.21299638989169,,,,33.21299638989169,,,33.21299638989169,,,33.21299638989169,,,,,33.21299638989169,,,,,,33.21299638989169,,,,,
1190,,33.21299638989169,,33.21299638989169,,,,,,33.21299638989169,,,,,33.21299638989169,,,33.21299638989169,,,,,33.21299638989169,,33.21299638989169,,,,,33.21299638989169,,,33.21299638989169,33.21299638989169,,,,33.21299638989169,,,33.21299638989169,,,33.21299638989169,,,,,33.21299638989169,,,,,,33.21299638989169,,,,,
1195,,33.21299638989169,,33.21299638989169,,,,,,33.21299638989169,,,,,33.21299638989169,,,33.21299638989169,,,,,33.21299638989169,,33.21299638989169,,,,,33.21299638989169,,,33.21299638989169,33.21299638989169,,,,33.21299638989169,,,33.21299638989169,,,33.21299638989169,,,,,33.21299638989169,,,,,,33.21299638989169,,,,,
1200,,33.21299638989169,,33.21299638989169,,,,,,33.21299638989169,,,,,33.21299638989169,,,33.21299638989169,,,,,33.21299638989169,,33.21299638989169,,,,,33.21299638989169,,,33.21299638989169,33.21299638989169,,,,33.21299638989169,,,33.21299638989169,,,33.21299638989169,,,,,33.21299638989169,,,,,,33.21299638989169,,,,,
1205,,33.21299638989169,,33.21299638989169,,,,,,33.21299638989169,,,,,33.21299638989169,,,33.21299638989169,,,,,33.21299638989169,,33.21299638989169,,,,,33.21299638989169,,,33.21299638989169,33.21299638989169,,,,33.21299638989169,,,33.21299638989169,,,33.21299638989169,,,,,33.21299638989169,,,,,,33.21299638989169,,,,,
1210,,33.21299638989169,,33.21299638989169,,,,,,33.21299638989169,,,,,33.21299638989169,,,33.21299638989169,,,,,33.21299638989169,,33.21299638989169,,,,,33.21299638989169,,,33.21299638989169,33.21299638989169,,,,33.21299638989169,,,33.21299638989169,,,33.21299638989169,,,,,33.21299638989169,,,,,,33.21299638989169,,,,,
1215,,33.21299638989169,,33.21299638989169,,,,,,33.21299638989169,,,,,33.21299638989169,,,33.21299638989169,,,,,33.21299638989169,,33.21299638989169,,,,,33.21299638989169,,,33.21299638989169,33.21299638989169,,,,33.21299638989169,,,33.21299638989169,,,33.21299638989169,,,,,33.21299638989169,,,,,,33.21299638989169,,,,,
1220,,62.41335093588365,,62.41335093588365,,,,,,62.41335093588365,,,,,62.41335093588365,,,62.41335093588365,,,,,141.59612393019586,,141.59612393019586,,,,,141.59612393019586,,,141.59612393019586,141.59612393019586,,,,141.59612393019586,,,141.59612393019586,,,141.59612393019586,,,,,141.59612393019586,,,,,,141.59612393019586,,,,,
1225,,148.25070285994178,,148.25070285994178,,,,,,148.25070285994178,,,,,148.25070285994178,,,148.25070285994178,,,,,148.25070285994178,,148.25070285994178,,,,,148.25070285994178,,,148.25070285994178,148.25070285994178,,,,148.25070285994178,,,148.25070285994178,,,148.25070285994178,,,,,148.25070285994178,,,,,,148.25070285994178,,,,,
1230,,147.71959886188273,,147.71959886188273,,,,,,147.71959886188273,,,,,147.71959886188273,,,147.71959886188273,,,,,147.71959886188273,,147.71959886188273,,,,,147.71959886188273,,,147.71959886188273,147.71959886188273,,,,147.71959886188273,,,147.71959886188273,,,147.71959886188273,,,,,147.71959886188273,,,,,,147.71959886188273,,,,,
1235,,184.36213259618614,,184.36213259618614,,,,,,184.36213259618614,,,,,184.36213259618614,,,184.36213259618614,,,,,184.36213259618614,,184.36213259618614,,,,,184.36213259618614,,,184.36213259618614,184.36213259618614,,,,184.36213259618614,,,184.36213259618614,,,184.36213259618614,,,,,184.36213259618614,,,,,,184.36213259618614,,,,,
1240,,205.5372987954466,205.5372987954466,205.5372987954466,,,,,,205.5372987954466,,,,,205.5372987954466,,,205.5372987954466,,,,,205.5372987954466,,205.5372987954466,,,,,205.5372987954466,,,205.5372987954466,205.5372987954466,,,,205.5372987954466,,,205.5372987954466,,,205.5372987954466,,,,,205.5372987954466,,,,,,205.5372987954466,,,,,
1245,,151.44146419573434,151.44146419573434,151.44146419573434,,,,,,151.44146419573434,,,,,151.44146419573434,,,151.44146419573434,,,,,151.44146419573434,,151.44146419573434,,,,,151.44146419573434,,,151.44146419573434,151.44146419573434,,,,151.44146419573434,,,151.44146419573434,,,151.44146419573434,,,,,,,,,,,151.44146419573434,,,,,
1250,,230.8971873518004,230.8971873518004,230.8971873518004,,,,,,230.8971873518004,,,,,230.8971873518004,,,230.8971873518004,,,,,230.8971873518004,,230.8971873518004,,,,,230.8971873518004,,,,230.8971873518004,,,,,,,230.8971873518004,,,230.8971873518004,,,,,,,,,,,230.8971873518004,,,,,
1255,,243.64114753493993,237.05775403313487,237.05775403313487,,,,,,237.05775403313487,,,,,237.05775403313487,,,237.05775403313487,,,,,237.05775403313487,,237.05775403313487,,,,,237.05775403313487,,,,237.05775403313487,,,,,,,237.05775403313487,,,237.05775403313487,,,,,,,,,,,237.05775403313487,,,,,
1260,,229.62794692069707,229.62794692069707,229.62794692069707,,,,,,229.62794692069707,,,,,229.62794692069707,,,229.62794692069707,,,,,229.62794692069707,,229.62794692069707,,,,,229.62794692069707,,,,229.62794692069707,,,,,,,229.62794692069707,,,229.62794692069707,,,,,,,,,,,229.62794692069707,,,,,
1265,,203.55655198608804,203.55655198608804,203.55655198608804,,,,,,203.55655198608804,,,,,203.55655198608804,,,203.55655198608804,,,,,203.55655198608804,,203.55655198608804,,,,,203.55655198608804,,203.55655198608804,,203.55655198608804,,,,,,,203.55655198608804,,,203.55655198608804,,,,,,,,,,,203.55655198608804,,,,,
1270,,277.4340112459788,277.4340112459788,277.4340112459788,,,,,,277.4340112459788,,,,,277.4340112459788,,,277.4340112459788,,,,,277.4340112459788,,277.4340112459788,,,,,277.4340112459788,277.4340112459788,277.4340112459788,,277.4340112459788,,,,,,,277.4340112459788,,,277.4340112459788,,,,,,,,,,,277.4340112459788,,,,,
1275,,197.1838268249056,197.1838268249056,197.1838268249056,,,,,,197.1838268249056,,,,,197.1838268249056,,,197.1838268249056,,,,,197.1838268249056,,197.1838268249056,,,,,,197.1838268249056,197.1838268249056,,197.1838268249056,,,,,,,197.1838268249056,,,197.1838268249056,,,,,,,,,,,197.1838268249056,,,,,
1280,,227.84981892514503,227.84981892514503,227.84981892514503,,,,,,227.84981892514503,,,,,227.84981892514503,,,227.84981892514503,,,,,227.84981892514503,,,,,,,,227.84981892514503,227.84981892514503,,227.84981892514503,,,,,,,227.84981892514503,,,227.84981892514503,,,,,,,,,,,227.84981892514503,,,,,
1285,,310.7237718075878,310.7237718075878,310.7237718075878,,,,,,310.7237718075878,,,,,310.7237718075878,,,310.7237718075878,,,,,310.7237718075878,,,,,,,,310.7237718075878,310.7237718075878,,310.7237718075878,,,,,,,310.7237718075878,,,310.7237718075878,,,,,,,,,,,310.7237718075878,,,,,
1290,,346.4733569242396,346.4733569242396,346.4733569242396,,,,,,346.4733569242396,,,,,346.4733569242396,,,346.4733569242396,,,,,157.7974677158345,,,,,,,,157.7974677158345,157.7974677158345,,157.7974677158345,,,,,,,157.7974677158345,,,157.7974677158345,,,,,,,,,,,157.7974677158345,,,,,
1295,,142.84697651492064,142.84697651492064,142.84697651492064,,,,,,142.84697651492064,,,,,142.84697651492064,,,142.84697651492064,,,,,142.84697651492064,,,,,,,,142.84697651492064,142.84697651492064,,142.84697651492064,,,,,,,142.84697651492064,,,142.84697651492064,,,,,,,,,,,142.84697651492064,,,,,
1300,,,131.2583405430651,131.2583405430651,,,,,,131.2583405430651,,,,,131.2583405430651,,,131.2583405430651,,,,,131.2583405430651,,,,,,,,131.2583405430651,131.2583405430651,,131.2583405430651,,,,,,,131.2583405430651,,,131.2583405430651,,,,,,,,,,,131.2583405430651,,,,,
1305,,,179.69536928410983,,,,,,,179.69536928410983,,,,,179.69536928410983,,,179.69536928410983,,,,,179.69536928410983,,,,,,,,179.69536928410983,179.69536928410983,,179.69536928410983,,,,,,,179.69536928410983,,,179.69536928410983,,,,,,,,,,,179.69536928410983,,,,,
1310,,,75.23682310469313,,,,,,,75.23682310469313,,,,,75.23682310469313,,,75.23682310469313,,,,,75.23682310469313,,,,,,,,75.23682310469313,75.23682310469313,,75.23682310469313,,,,,,,75.23682310469313,,,75.23682310469313,,,,,,,,,,,75.23682310469313,,,,,
1315,,,111.27790713833184,,,,,,,111.27790713833184,,,,,111.27790713833184,,,,,111.27790713833184,,,111.27790713833184,,,,,,,,111.27790713833184,111.27790713833184,,111.27790713833184,,,,,,,111.27790713833184,,,111.27790713833184,,,,,,,,,,,111.27790713833184,,,,,
1320,,,75.23682310469313,,,,,,,75.23682310469313,,,,,75.23682310469313,,,,,75.23682310469313,,,75.23682310469313,,,,,,,,75.23682310469313,75.23682310469313,,75.23682310469313,,,,,,,75.23682310469313,,,75.23682310469313,,,,,,,,,,,75.23682310469313,,,,,
1325,,,75.23682310469313,,,,,,,75.23682310469313,,,,,75.23682310469313,,,,,75.23682310469313,,,75.23682310469313,,,,,,,,,75.23682310469313,,75.23682310469313,,,,,,,75.23682310469313,,,75.23682310469313,,,,,,,,75.23682310469313,,,75.23682310469313,,,,,
1330,,,119.13860895413998,,,,,,,119.13860895413998,,,,,119.13860895413998,,,,,119.13860895413998,,,119.13860895413998,,,,,,,,,,,119.13860895413998,,,,,,,119.13860895413998,,,119.13860895413998,,,,,,,,119.13860895413998,,,119.13860895413998,,,,,
1335,,,63.9740072202166,,,,,,,63.9740072202166,,,,,,,,,,63.9740072202166,,,166.48801512826446,,,,,,,,,,,166.48801512826446,,,,,,,166.48801512826446,,,166.48801512826446,,,,,,,,166.48801512826446,,,166.48801512826446,,,,,
1340,,,126.12521809881011,,,,,,,126.12521809881011,,,,,,,,,,126.12521809881011,,,126.12521809881011,,,,,,,,,,,126.12521809881011,,,,,,,126.12521809881011,,,126.12521809881011,,,,,,,,126.12521809881011,,,126.12521809881011,,,,,
1345,,,168.90366080497378,,,,,,,168.90366080497378,,,,,,,,,,168.90366080497378,,,168.90366080497378,,,,,,,,,,,168.90366080497378,,,,,,,168.90366080497378,,,168.90366080497378,,,,,,,,168.90366080497378,,,168.90366080497378,,,,,
1350,,,171.784796750458,,,,,,,171.784796750458,,,,,,,,,,171.784796750458,,,171.784796750458,,,,,,,,,,,171.784796750458,,,,,,,171.784796750458,,,171.784796750458,,,,,,,,171.784796750458,,,,,,,,
1355,,,170.1103802023353,,,,,,,,,,,,,,,,,170.1103802023353,,,170.1103802023353,,,,,,,,,,,170.1103802023353,,,,,,,170.1103802023353,,,170.1103802023353,,,,,,,,170.1103802023353,,,,,,,,
1360,,,123.14739905721827,,,,,,,,,,,,,,,,,123.14739905721827,,,123.14739905721827,,,,,,,,,,,123.14739905721827,,,,,,,123.14739905721827,,,123.14739905721827,,,,,,,,123.14739905721827,,,,,,,,
1365,,,86.15326406383704,,,,,,,,,,,,,,,,,86.15326406383704,,,86.15326406383704,,,,,,,,,,,86.15326406383704,,,,,,,86.15326406383704,,,86.15326406383704,,,,,,,,86.15326406383704,,,,,,,,
1370,,,182.35775829819644,,,,,,,,,,,,,,,,,182.35775829819644,,,182.35775829819644,,,,,,,,,,,182.35775829819644,,,,,,,182.35775829819644,,,182.35775829819644,,,,,,,,182.35775829819644,,,,,,,,
1375,,,133.05003185397157,,,,,,,,,,,,,,,,,133.05003185397157,,,133.05003185397157,,,,,,,,,,,133.05003185397157,,,,,,,133.05003185397157,,,133.05003185397157,,,,,,,,133.05003185397157,,,,,,,,
1380,,,124.7710709104559,,,,,,,,,,,,,,,,,124.7710709104559,,,124.7710709104559,,,,,,,,,,,124.7710709104559,,,,,,,124.7710709104559,,,124.7710709104559,,,,,,,,124.7710709104559,,,,,,,,
1385,,,141.9656973055753,,,,,,,,,,,,,,,,,141.9656973055753,,,141.9656973055753,,,,,,,,,,,141.9656973055753,,,,,,,141.9656973055753,,,141.9656973055753,,,,,,,,141.9656973055753,,,,,,,,
1390,,,146.84202060528614,,,,,,,,,,,,,,,,,146.84202060528614,,,146.84202060528614,,,,,,,,,,,146.84202060528614,,,,,,,146.84202060528614,,,146.84202060528614,,,,,,,,146.84202060528614,,,,,,,,
1395,,,109.28405118174355,,,,,,,,,,,,,,,,,109.28405118174355,,,109.28405118174355,,,,,,,,,,,109.28405118174355,,,,,,,109.28405118174355,,,109.28405118174355,,,,,,,,109.28405118174355,,,,,,,,
1400,,,164.84260257935685,,,,,,,,,,,,,,,,,164.84260257935685,,,164.84260257935685,,,,,,,,,,,164.84260257935685,,,,,,,164.84260257935685,,,6.210830324909747,,,,,,,,6.210830324909747,,,,,,,,
1405,,,6.210830324909747,,,,,,,,,,,,,,,,,6.210830324909747,,,6.210830324909747,,,,,,,,,,,6.210830324909747,,,,,,,6.210830324909747,,,,,,,,,,,6.210830324909747,,,,,,,,
1410,,,6.210830324909747,,,,,,,,,,,,,,,,,6.210830324909747,,,6.210830324909747,,,,,,,,,,,6.210830324909747,,,,,,,6.210830324909747,,,,,,,,,,,6.210830324909747,,,,,,,,
1415,,,6.210830324909747,,,,,,,,,,,,,,,,,6.210830324909747,,,6.210830324909747,,,,,,,,,,,6.210830324909747,,,,,,,6.210830324909747,,,,,,,,,,,6.210830324909747,,,,,,,,
1420,,,6.210830324909747,,,,,,,,,,,,,,,,,6.210830324909747,,,6.210830324909747,,,,,,,,,,,6.210830324909747,,,,,,,6.210830324909747,,,,,,,,,,,6.210830324909747,,,,,,,,
1425,,,6.210830324909747,,,,,,,,,,,,,,,,,6.210830324909747,,,6.210830324909747,,,,,,,,,,,6.210830324909747,,,,,,,6.210830324909747,,,,,,,,,,,6.210830324909747,,,,,,,,
1430,,,6.210830324909747,,,,,,,,,,,,,,,,,6.210830324909747,,,6.210830324909747,,,,,,,,,,,6.210830324909747,,,,,,,6.210830324909747,,,,,,,,,,,6.210830324909747,,,,,,,,
1435,,,6.210830324909747,,,,,,,,,,,,,,,,,6.210830324909747,,,6.210830324909747,,,,,,,,,,,6.210830324909747,,,,,,,6.210830324909747,,,,,,,,,,,6.210830324909747,,,,,,,,
1440,,,6.210830324909747,,,,,,,,,,,,,,,,,6.210830324909747,,,6.210830324909747,,,,,,,,,,,,,,,,,,6.210830324909747,,,,,,,,,,,6.210830324909747,,,,,,,,
1445,,,6.210830324909747,,,,,,,,,,,,,,,,,6.210830324909747,,,6.210830324909747,,,,,,,,,,,,,,,,,,6.210830324909747,,,,,,,,,,,6.210830324909747,,,,,,,,
1450,,,6.210830324909747,,,,,,,,,,,,,,,,,6.210830324909747,,,6.210830324909747,,,,,,,,,,,,,,,,,,6.210830324909747,,,,,,,,,,,6.210830324909747,,,,,,,,
1455,,,6.210830324909747,,,,,,,,,,,,,,,,,6.210830324909747,,,6.210830324909747,,,,,,,,,,,,,,,,,,6.210830324909747,,,,,,,,,,,6.210830324909747,,,,,,,,
1460,,,6.210830324909747,,,,,,,,,,,,,,,,,6.210830324909747,,,6.210830324909747,,,,,,,,,,,,,,,,,,6.210830324909747,,,,,,,,,,,6.210830324909747,,,,,,,,
1465,,,6.210830324909747,,,,,,,,,,,,,,,,,6.210830324909747,,,6.210830324909747,,,,,,,,,,,,,,,,,,6.210830324909747,,,,,,,,,,,6.210830324909747,,,,,,,,
1470,,,39.99833225057904,,,,,,,,,,,,,,,,,39.99833225057904,,,39.99833225057904,,,,,,,,,,,,,,,,,,39.99833225057904,,,,,,,,,,,39.99833225057904,,,,,,,,
1475,,,43.134509482773254,,,,,,,,,,,,,,,,,43.134509482773254,,,43.134509482773254,,,,,,,,,,,,,,,,,,43.134509482773254,,,,,,,,,,,43.134509482773254,,,,,,,,
1480,,,6.210830324909747,,,,,,,,,,,,,,,,,6.210830324909747,,,6.210830324909747,,,,,,,,,,,,,,,,,,6.210830324909747,,,,,,,,,,,6.210830324909747,,,,,,,,
1485,,,,,,,,,,,,,,,,,,,,6.210830324909747,,,6.210830324909747,,,,,,,,,,,,,,,,,,6.210830324909747,,,,,,,,,,,6.210830324909747,,,,,,,,
1490,,,,,,,,,,,,,,,,,,,,6.210830324909747,,,6.210830324909747,,,,,,,,,,,,,,,,,,6.210830324909747,,,,,,,,,,,6.210830324909747,,,,,,,,
1495,,,,,,,,,,,,,,,,,,,,6.210830324909747,,,6.210830324909747,,,,,,,,,,,,,,,,,,6.210830324909747,,,,,,,,,,,138.2641978960383,,,,,,,,
1500,,,,,,,,,,,,,,,,,,,,133.02477059669482,,,,,,,,,,,,,,,,,,,,,133.02477059669482,,,,,,,,,,,133.02477059669482,,,,,,,,
1505,,,,,,,,,,,,,,,,,,,,95.66034778181148,,,,,,,,,,,,,,,,,,,,,95.66034778181148,,,,,,,,,,,95.66034778181148,,,,,,,,
1510,,,,,,,,,,,,,,,,,,,,181.09368694777513,,,,,,,,,,,,,,,,,,,,,,,,,,,,,,,,181.09368694777513,,,,,,,,
1515,,,,,,,,,,,,,,,,,,,,141.4418122997045,,,,,,,,,,,,,,,,,,,,,,,,,,,,,,,,141.4418122997045,,,,,,,,
1520,,,,,,,,,,,,,,,,,,,,137.62551504738468,,,,,,,,,,,,,,,,,,,,,,,,,,,,,,,,137.62551504738468,,,,,,,,
1525,,,,,,,,,,,,,,,,,,,,191.09171087931455,,,,,,,,,,,,,,,,,,,,,,,,,,,,,,,,191.09171087931455,,,,,,,,
1530,,,,,,,,,,,,,,,,,,,,144.29657336632238,,,,,,,,,,,,,,,,,,,,,,,,,,,,,,,,144.29657336632238,,,,,,,,
1535,,,,,,,,,,,,,,,,,,,,133.36548563042905,,,,,,,,,,,,,,,,,,,,,,,,,,,,,,,,,,,,,,,,
1540,,,,,,,,,,,,,,,,,,,,213.8651654485521,,,,,,,,,,,,,,,,,,,,,,,,,,,,,,,,,,,,,,,,
1545,,,,,,,,,,,,,,,,,,,,26.937184115523465,,,,,,,,,,,,,,,,,,,,,,,,,,,,,,,,,,,,,,,,
1550,,,,,,,,,,,,,,,,,,,,26.937184115523465,,,,,,,,,,,,,,,,,,,,,,,,,,,,,,,,,,,,,,,,
1555,,,,,,,,,,,,,,,,,,,,26.937184115523465,,,,,,,,,,,,,,,,,,,,,,,,,,,,,,,,,,,,,,,,
1560,,,,,,,,,,,,,,,,,,,,26.937184115523465,,,,,,,,,,,,,,,,,,,,,,,,,,,,,,,,,,,,,,,,
1565,,,,,,,,,,,,,,,,,,,,26.937184115523465,,,,,,,,,,,,,,,,,,,,,,,,,,,,,,,,,,,,,,,,
1570,,,,,,,,,,,,,,,,,,,,55.369291971548954,,,,,,,,,,,,,,,,,,,,,,,,,,,,,,,,,,,,,,,,
1575,,,,,,,,,,,,,,,,,,,,85.95619601379674,,,,,,,,,,,,,,,,,,,,,,,,,,,,,,,,,,,,,,,,
1580,,,,,,,,,,,,,,,,,,,,93.38524961147556,,,,,,,,,,,,,,,,,,,,,,,,,,,,,,,,,,,,,,,,
1585,,,,,,,,,,,,,,,,,,,,101.61288280419359,,,,,,,,,,,,,,,,,,,,,,,,,,,,,,,,,,,,,,,,
1595,,,,,,,,,,,,,,,,,,,,55.77418363835989,,,,,,,,,,,,,,,,,,,,,,,,,,,,,,,,,,,,,,,,
1600,,,,,,,,,,,,,,,,,,,,109.91228875366005,,,,,,,,,,,,,,,,,,,,,,,,,,,,,,,,,,,,,,,,
1605,,,,,,,,,,,,,,,,,,,,149.7873403948094,,,,,,,,,,,,,,,,,,,,,,,,,,,,,,,,,,,,,,,,
1610,,,,,,,,,,,,,,,,,,,,26.937184115523465,,,,,,,,,,,,,,,,,,,,,,,,,,,,,,,,,,,,,,,,
1615,,,,,,,,,,,,,,,,,,,,26.937184115523465,,,,,,,,,,,,,,,,,,,,,,,,,,,,,,,,,,,,,,,,
1620,,,,,,,,,,,,,,,,,,,,26.937184115523465,,,,,,,,,,,,,,,,,,,,,,,,,,,,,,,,,,,,,,,,
1625,,,,,,,,,,,,,,,,,,,,26.937184115523465,,,,,,,,,,,,,,,,,,,,,,,,,,,,,,,,,,,,,,,,
1630,,,,,,,,,,,,,,,,,,,,60.26293558419662,,,,,,,,,,,,,,,,,,,,,,,,,,,,,,,,,,,,,,,,
1635,,,,,,,,,,,,,,,,,,,,75.81454963383496,,,,,,,,,,,,,,,,,,,,,,,,,,,,,,,,,,,,,,,,
1640,,,,,,,,,,,,,,,,,,,,60.99393605108469,,,,,,,,,,,,,,,,,,,,,,,,,,,,,,,,,,,,,,,,
1645,,,,,,,,,,,,,,,,,,,,58.42676926372511,,,,,,,,,,,,,,,,,,,,,,,,,,,,,,,,,,,,,,,,
1650,,,,,,,,,,,,,,,,,,,,59.0240212576884,,,,,,,,,,,,,,,,,,,,,,,,,,,,,,,,,,,,,,,,
1655,,,,,,,,,,,,,,,,,,,,63.12059305166273,,,,,,,,,,,,,,,,,,,,,,,,,,,,,,,,,,,,,,,,
1660,,,,,,,,,,,,,,,,,,,,240.72016531723614,,,,,,,,,,,,,,,,,,,,,,,,,,,,,,,,,,,,,,,,
1665,,,,,,,,,,,,,,,,,,,,332.2418320645707,,,,,,,,,,,,,,,,,,,,,,,,,,,,,,,,,,,,,,,,
1670,,,,,,,,,,,,,,,,,,,,107.31194496783752,,,,,,,,,,,,,,,,,,,,,,,,,,,,,,,,,,,,,,,,
1675,,,,,,,,,,,,,,,,,,,,68.82964373313409,,,,,,,,,,,,,,,,,,,,,,,,,,,,,,,,,,,,,,,,
1680,,,,,,,,,,,,,,,,,,,,201.33261996097636,,,,,,,,,,,,,,,,,,,,,,,,,,,,,,,,,,,,,,,,
1685,,,,,,,,,,,,,,,,,,,,276.2396465361973,,,,,,,,,,,,,,,,,,,,,,,,,,,,,,,,,,,,,,,,
1690,,,,,,,,,,,,,,,,,,,,1149.3238165476014,,,,,,,,,,,,,,,,,,,,,,,,,,,,,,,,,,,,,,,,
1695,,,,,,,,,,,,,,,,,,,,1232.5846403542696,,,,,,,,,,,,,,,,,,,,,,,,,,,,,,,,,,,,,,,,
1705,,,,,,,,,,,,,,,,,,,,218.4833070022562,,,,,,,,,,,,,,,,,,,,,,,,,,,,,,,,,,,,,,,,
1710,,,,,,,,,,,,,,,,,,,,173.38255912078097,,,,,,,,,,,,,,,,,,,,,,,,,,,,,,,,,,,,,,,,
1715,,,,,,,,,,,,,,,,,,,,247.66466532917661,,,,,,,,,,,,,,,,,,,,,,,,,,,,,,,,,,,,,,,,
1720,,,,,,,,,,,,,,,,,,,,181.40444134213823,,,,,,,,,,,,,,,,,,,,,,,,,,,,,,,,,,,,,,,,
1725,,,,,,,,,,,,,,,,,,,,172.3001391688859,,,,,,,,,,,,,,,,,,,,,,,,,,,,,,,,,,,,,,,,
1730,,,,,,,,,,,,,,,,,,,,153.3090291585859,,,,,,,,,,,,,,,,,,,,,,,,,,,,,,,,,,,,,,,,
1735,,,,,,,,,,,,,,,,,,,,103.96459470065352,,,,,,,,,,,,,,,,,,,,,,,,,,,,,,,,,,,,,,,,
1740,,,,,,,,,,,,,,,,,,,,67.6276153068786,,,,,,,,,,,,,,,,,,,,,,,,,,,,,,,,,,,,,,,,
1745,,,,,,,,,,,,,,,,,,,,155.4938886860676,,,,,,,,,,,,,,,,,,,,,,,,,,,,,,,,,,,,,,,,
1760,,,,,,,,,,,,,,,,,,,,70.4724723242527,,,,,,,,,,,,,,,,,,,,,,,,,,,,,,,,,,,,,,,,
1765,,,,,,,,,,,,,,,,,,,,151.7624611928498,,,,,,,,,,,,,,,,,,,,,,,,,,,,,,,,,,,,,,,,
1770,,,,,,,,,,,,,,,,,,,,96.99866247369833,,,,,,,,,,,,,,,,,,,,,,,,,,,,,,,,,,,,,,,,
1775,,,,,,,,,,,,,,,,,,,,438.1691336699903,,,,,,,,,,,,,,,,,,,,,,,,,,,,,,,,,,,,,,,,
1780,,,,,,,,,,,,,,,,,,,,108.43037012195607,,,,,,,,,,,,,,,,,,,,,,,,,,,,,,,,,,,,,,,,
1785,,,,,,,,,,,,,,,,,,,,79.16277843395173,,,,,,,,,,,,,,,,,,,,,,,,,,,,,,,,,,,,,,,,
1790,,,,,,,,,,,,,,,,,,,,240.9312416991619,,,,,,,,,,,,,,,,,,,,,,,,,,,,,,,,,,,,,,,,
1795,,,,,,,,,,,,,,,,,,,,46.57761732851985,,,,,,,,,,,,,,,,,,,,,,,,,,,,,,,,,,,,,,,,
1800,,,,,,,,,,,,,,,,,,,,92.8204343327439,,,,,,,,,,,,,,,,,,,,,,,,,,,,,,,,,,,,,,,,
1805,,,,,,,,,,,,,,,,,,,,172.77235019541956,,,,,,,,,,,,,,,,,,,,,,,,,,,,,,,,,,,,,,,,
1810,,,,,,,,,,,,,,,,,,,,95.58489722504375,,,,,,,,,,,,,,,,,,,,,,,,,,,,,,,,,,,,,,,,
1815,,,,,,,,,,,,,,,,,,,,252.1908803765044,,,,,,,,,,,,,,,,,,,,,,,,,,,,,,,,,,,,,,,,
1820,,,,,,,,,,,,,,,,,,,,248.1078105658613,,,,,,,,,,,,,,,,,,,,,,,,,,,,,,,,,,,,,,,,
1825,,,,,,,,,,,,,,,,,,,,196.30216461865987,,,,,,,,,,,,,,,,,,,,,,,,,,,,,,,,,,,,,,,,
1830,,,,,,,,,,,,,,,,,,,,222.60400896216896,,,,,,,,,,,,,,,,,,,,,,,,,,,,,,,,,,,,,,,,
1835,,,,,,,,,,,,,,,,,,,,208.97575037053844,,,,,,,,,,,,,,,,,,,,,,,,,,,,,,,,,,,,,,,,
1840,,,,,,,,,,,,,,,,,,,,466.69669243967616,,,,,,,,,,,,,,,,,,,,,,,,,,,,,,,,,,,,,,,,
1845,,,,,,,,,,,,,,,,,,,,315.57165280149286,,,,,,,,,,,,,,,,,,,,,,,,,,,,,,,,,,,,,,,,
1850,,,,,,,,,,,,,,,,,,,,180.50266248024147,,,,,,,,,,,,,,,,,,,,,,,,,,,,,,,,,,,,,,,,
1855,,,,,,,,,,,,,,,,,,,,132.34413328540512,,,,,,,,,,,,,,,,,,,,,,,,,,,,,,,,,,,,,,,,
1860,,,,,,,,,,,,,,,,,,,,172.2569406559603,,,,,,,,,,,,,,,,,,,,,,,,,,,,,,,,,,,,,,,,
1865,,,,,,,,,,,,,,,,,,,,172.7636999363599,,,,,,,,,,,,,,,,,,,,,,,,,,,,,,,,,,,,,,,,
1870,,,,,,,,,,,,,,,,,,,,276.54346203715977,,,,,,,,,,,,,,,,,,,,,,,,,,,,,,,,,,,,,,,,
1875,,,,,,,,,,,,,,,,,,,,292.66869435059243,,,,,,,,,,,,,,,,,,,,,,,,,,,,,,,,,,,,,,,,
1880,,,,,,,,,,,,,,,,,,,,362.8948037434238,,,,,,,,,,,,,,,,,,,,,,,,,,,,,,,,,,,,,,,,
1885,,,,,,,,,,,,,,,,,,,,288.2498866857902,,,,,,,,,,,,,,,,,,,,,,,,,,,,,,,,,,,,,,,,
1890,,,,,,,,,,,,,,,,,,,,315.43513753526366,,,,,,,,,,,,,,,,,,,,,,,,,,,,,,,,,,,,,,,,
1895,,,,,,,,,,,,,,,,,,,,651.9056587937971,,,,,,,,,,,,,,,,,,,,,,,,,,,,,,,,,,,,,,,,
1900,,,,,,,,,,,,,,,,,,,,289.9888292494203,,,,,,,,,,,,,,,,,,,,,,,,,,,,,,,,,,,,,,,,
1905,,,,,,,,,,,,,,,,,,,,396.02255321098346,,,,,,,,,,,,,,,,,,,,,,,,,,,,,,,,,,,,,,,,
1910,,,,,,,,,,,,,,,,,,,,239.96735916991952,,,,,,,,,,,,,,,,,,,,,,,,,,,,,,,,,,,,,,,,
1915,,,,,,,,,,,,,,,,,,,,306.90842675979286,,,,,,,,,,,,,,,,,,,,,,,,,,,,,,,,,,,,,,,,
1920,,,,,,,,,,,,,,,,,,,,237.7529235898811,,,,,,,,,,,,,,,,,,,,,,,,,,,,,,,,,,,,,,,,
1925,,,,,,,,,,,,,,,,,,,,361.08255046963217,,,,,,,,,,,,,,,,,,,,,,,,,,,,,,,,,,,,,,,,
1930,,,,,,,,,,,,,,,,,,,,353.01949624830286,,,,,,,,,,,,,,,,,,,,,,,,,,,,,,,,,,,,,,,,
1935,,,,,,,,,,,,,,,,,,,,359.74422916774563,,,,,,,,,,,,,,,,,,,,,,,,,,,,,,,,,,,,,,,,
1940,,,,,,,,,,,,,,,,,,,,308.9102860329347,,,,,,,,,,,,,,,,,,,,,,,,,,,,,,,,,,,,,,,,
1945,,,,,,,,,,,,,,,,,,,,308.43908939865423,,,,,,,,,,,,,,,,,,,,,,,,,,,,,,,,,,,,,,,,
1950,,,,,,,,,,,,,,,,,,,,448.00269900592934,,,,,,,,,,,,,,,,,,,,,,,,,,,,,,,,,,,,,,,,
1955,,,,,,,,,,,,,,,,,,,,513.3892478460081,,,,,,,,,,,,,,,,,,,,,,,,,,,,,,,,,,,,,,,,
1960,,,,,,,,,,,,,,,,,,,,645.8379883171075,,,,,,,,,,,,,,,,,,,,,,,,,,,,,,,,,,,,,,,,
1965,,,,,,,,,,,,,,,,,,,,628.2001488694533,,,,,,,,,,,,,,,,,,,,,,,,,,,,,,,,,,,,,,,,
1970,,,,,,,,,,,,,,,,,,,,612.7350046254115,,,,,,,,,,,,,,,,,,,,,,,,,,,,,,,,,,,,,,,,
1975,,,,,,,,,,,,,,,,,,,,552.5618664866311,,,,,,,,,,,,,,,,,,,,,,,,,,,,,,,,,,,,,,,,
1980,,,,,,,,,,,,,,,,,,,,581.2298099154076,,,,,,,,,,,,,,,,,,,,,,,,,,,,,,,,,,,,,,,,
1985,,,,,,,,,,,,,,,,,,,,494.0884994809965,,,,,,,,,,,,,,,,,,,,,,,,,,,,,,,,,,,,,,,,
1990,,,,,,,,,,,,,,,,,,,,444.0910402564697,,,,,,,,,,,,,,,,,,,,,,,,,,,,,,,,,,,,,,,,
1995,,,,,,,,,,,,,,,,,,,,511.74420909029504,,,,,,,,,,,,,,,,,,,,,,,,,,,,,,,,,,,,,,,,
2000,,,,,,,,,,,,,,,,,,,,383.25946585402363,,,,,,,,,,,,,,,,,,,,,,,,,,,,,,,,,,,,,,,,
2005,,,,,,,,,,,,,,,,,,,,451.5637196544841,,,,,,,,,,,,,,,,,,,,,,,,,,,,,,,,,,,,,,,,
2010,,,,,,,,,,,,,,,,,,,,475.4009958933739,,,,,,,,,,,,,,,,,,,,,,,,,,,,,,,,,,,,,,,,
2015,,,,,,,,,,,,,,,,,,,,382.0703546164435,,,,,,,,,,,,,,,,,,,,,,,,,,,,,,,,,,,,,,,,
2020,,,,,,,,,,,,,,,,,,,,504.0662598183304,,,,,,,,,,,,,,,,,,,,,,,,,,,,,,,,,,,,,,,,
2025,,,,,,,,,,,,,,,,,,,,636.3630593397355,,,,,,,,,,,,,,,,,,,,,,,,,,,,,,,,,,,,,,,,
2030,,,,,,,,,,,,,,,,,,,,529.151477013517,,,,,,,,,,,,,,,,,,,,,,,,,,,,,,,,,,,,,,,,
2035,,,,,,,,,,,,,,,,,,,,771.2823734203528,,,,,,,,,,,,,,,,,,,,,,,,,,,,,,,,,,,,,,,,
2040,,,,,,,,,,,,,,,,,,,,932.0053120029955,,,,,,,,,,,,,,,,,,,,,,,,,,,,,,,,,,,,,,,,
2045,,,,,,,,,,,,,,,,,,,,906.939866480534,,,,,,,,,,,,,,,,,,,,,,,,,,,,,,,,,,,,,,,,
2050,,,,,,,,,,,,,,,,,,,,837.8112433064493,,,,,,,,,,,,,,,,,,,,,,,,,,,,,,,,,,,,,,,,
2055,,,,,,,,,,,,,,,,,,,,808.3230304077488,,,,,,,,,,,,,,,,,,,,,,,,,,,,,,,,,,,,,,,,
2060,,,,,,,,,,,,,,,,,,,,758.9729169573934,,,,,,,,,,,,,,,,,,,,,,,,,,,,,,,,,,,,,,,,
2065,,,,,,,,,,,,,,,,,,,,907.5085980755185,,,,,,,,,,,,,,,,,,,,,,,,,,,,,,,,,,,,,,,,
2070,,,,,,,,,,,,,,,,,,,,754.2348443861124,,,,,,,,,,,,,,,,,,,,,,,,,,,,,,,,,,,,,,,,
2075,,,,,,,,,,,,,,,,,,,,750.9948293487583,,,,,,,,,,,,,,,,,,,,,,,,,,,,,,,,,,,,,,,,
2080,,,,,,,,,,,,,,,,,,,,654.2166544713517,,,,,,,,,,,,,,,,,,,,,,,,,,,,,,,,,,,,,,,,
2085,,,,,,,,,,,,,,,,,,,,720.6675121159674,,,,,,,,,,,,,,,,,,,,,,,,,,,,,,,,,,,,,,,,
2090,,,,,,,,,,,,,,,,,,,,598.1074926453873,,,,,,,,,,,,,,,,,,,,,,,,,,,,,,,,,,,,,,,,
2095,,,,,,,,,,,,,,,,,,,,546.5093755927769,,,,,,,,,,,,,,,,,,,,,,,,,,,,,,,,,,,,,,,,
